"Date","Breadth","SPY.Open","SPY.High","SPY.Low","SPY.Close","SPY.Volume","SPY.Adjusted"
2020-04-07,0,274.209991455078,275.029998779297,264.890014648438,265.130004882812,201427200,253.265121459961
2020-04-08,0,267.959991455078,276,265.25,274.029998779297,153774500,261.766784667969
2020-04-09,0,277.579986572266,281.200012207031,275.470001220703,278.200012207031,189999200,265.750183105469
2020-04-13,0,277.140014648438,277.510009765625,271.410003662109,275.660003662109,114839100,263.323852539062
2020-04-14,0,280.980010986328,284.899993896484,275.510009765625,283.790008544922,134143400,271.089935302734
2020-04-15,0,277.570007324219,283.940002441406,275.459991455078,277.760009765625,121775000,265.329925537109
2020-04-16,0,279.149993896484,280.029998779297,275.760009765625,279.100006103516,131798300,266.60986328125
2020-04-17,0,285.380004882812,287.299987792969,282.399993896484,286.640014648438,146684800,273.812438964844
2020-04-20,0,282.609985351562,286.790008544922,281.350006103516,281.589996337891,100109300,268.988464355469
2020-04-21,0,276.730010986328,278.040008544922,272.019989013672,273.040008544922,126385700,260.821136474609
2020-04-22,0,278.350006103516,281,276.910003662109,279.100006103516,92951600,266.60986328125
2020-04-23,0,280.489990234375,283.940002441406,278.75,279.079986572266,104709700,266.5908203125
2020-04-24,0,280.730010986328,283.700012207031,278.5,282.970001220703,85063200,270.306793212891
2020-04-27,0,285.119995117188,288.269989013672,284.619995117188,287.049987792969,77896600,274.204132080078
2020-04-28,0,291.019989013672,291.399993896484,285.399993896484,285.730010986328,105270000,272.943237304688
2020-04-29,0,291.529998779297,294.880004882812,290.410003662109,293.209991455078,118745600,280.088500976562
2020-04-30,0,291.709991455078,293.320007324219,288.589996337891,290.480010986328,122901700,277.480682373047
2020-05-01,0,285.309997558594,290.660003662109,281.519989013672,282.790008544922,125180000,270.134796142578
2020-05-04,0,280.739990234375,283.899993896484,279.130004882812,283.570007324219,80873200,270.879852294922
2020-05-05,642.770189252462,286.640014648438,289.25,283.709991455078,286.190002441406,79569900,273.382598876953
2020-05-06,525.909211236894,288.040008544922,288.459991455078,283.779998779297,284.25,73632600,271.529418945312
2020-05-07,628.076905491576,287.75,289.779998779297,287.130004882812,287.679992675781,75250400,274.805847167969
2020-05-08,817.465184157905,291.089996337891,292.950012207031,289.859985351562,292.440002441406,76452400,279.352905273438
2020-05-11,729.159022727089,290.339996337891,294,289.880004882812,292.5,79514200,279.410186767578
2020-05-12,517.524821767036,293.790008544922,294.239990234375,286.519989013672,286.670013427734,95870800,273.841125488281
2020-05-13,346.686633167267,286.059997558594,287.190002441406,278.959991455078,281.600006103516,144721100,268.997985839844
2020-05-14,442.880903179453,278.950012207031,285.109985351562,272.989990234375,284.970001220703,121977900,272.217193603516
2020-05-15,448.2854947669,282.369995117188,286.329986572266,281.339996337891,286.279998779297,111146300,273.468566894531
2020-05-18,836.990724897768,293.049987792969,296.75,292.700012207031,295,119703800,281.79833984375
2020-05-19,700.497376743589,294.350006103516,296.209991455078,291.950012207031,291.970001220703,95189300,278.903991699219
2020-05-20,817.995150218019,295.820007324219,297.869995117188,295.570007324219,296.929992675781,85861700,283.641967773438
2020-05-21,732.607174808724,296.790008544922,297.670013427734,293.690002441406,294.880004882812,78293900,281.683776855469
2020-05-22,761.530709105093,294.570007324219,295.630004882812,293.220001220703,295.440002441406,63958200,282.218597412109
2020-05-26,912.278072198553,301.929992675781,302.190002441406,295.459991455078,299.079986572266,88951400,285.695709228516
2020-05-27,978.043656527719,302.119995117188,303.570007324219,296.869995117188,303.529998779297,104817400,289.946655273438
2020-05-28,1010.93755712069,304.649993896484,306.839996337891,302.239990234375,302.970001220703,90405200,289.411651611328
2020-05-29,1028.6148289418,302.459991455078,304.959991455078,299.470001220703,304.320007324219,119090800,290.701232910156
2020-06-01,1029.6662855861,303.619995117188,306.209991455078,303.059997558594,305.549987792969,55758300,291.876159667969
2020-06-02,1051.56602115468,306.549987792969,308.130004882812,305.100006103516,308.079986572266,74267200,294.29296875
2020-06-03,1033.46612776466,310.239990234375,313.220001220703,309.940002441406,312.179992675781,92567600,298.209533691406
2020-06-04,995.132867787568,311.109985351562,313,309.079986572266,311.359985351562,75794400,297.42626953125
2020-06-05,1005.99665808532,317.230010986328,321.269989013672,317.160003662109,319.339996337891,150524700,305.049102783203
2020-06-08,1029.08151560414,320.220001220703,323.410003662109,319.630004882812,323.200012207031,73641200,308.736419677734
2020-06-09,1019.43196737679,320.299987792969,323.279998779297,319.359985351562,320.790008544922,77479200,306.434234619141
2020-06-10,1024.71912275016,321.420013427734,322.390014648438,318.220001220703,319,95000800,304.724334716797
2020-06-11,362.150857857741,311.459991455078,312.149993896484,300.010009765625,300.609985351562,209243600,287.157318115234
2020-06-12,504.44447543401,308.239990234375,309.079986572266,298.600006103516,304.209991455078,194678900,290.596160888672
2020-06-15,585.888000648535,298.019989013672,308.279998779297,296.739990234375,307.049987792969,135782700,293.309112548828
2020-06-16,781.937880781634,315.480010986328,315.640014648438,307.670013427734,312.959991455078,137627500,298.95458984375
2020-06-17,611.368285127576,314.070007324219,314.390014648438,310.859985351562,311.660003662109,83398900,297.712799072266
2020-06-18,565.620150418878,310.010009765625,312.299987792969,309.510009765625,311.779998779297,80828700,297.827362060547
2020-06-19,417.400761272122,314.170013427734,314.380004882812,306.529998779297,308.640014648438,135549600,296.125305175781
2020-06-22,411.983059941085,307.989990234375,311.049987792969,306.75,310.619995117188,74649400,298.025024414062
2020-06-23,384.063689753534,313.489990234375,314.5,311.609985351562,312.049987792969,68471200,299.397064208984
2020-06-24,168.495189823543,309.839996337891,310.510009765625,302.100006103516,304.089996337891,132813500,291.759796142578
2020-06-25,226.985541960564,303.470001220703,307.640014648438,301.279998779297,307.350006103516,89468000,294.887634277344
2020-06-26,142.099823405828,306.160003662109,306.390014648438,299.420013427734,300.049987792969,127961000,287.883636474609
2020-06-29,191.28179124066,301.410003662109,304.609985351562,298.929992675781,304.459991455078,79773300,292.114807128906
2020-06-30,326.015274537681,303.989990234375,310.200012207031,303.820007324219,308.359985351562,113394800,295.856689453125
2020-07-01,377.871418392782,309.570007324219,311.890014648438,309.070007324219,310.519989013672,72396500,297.929077148438
2020-07-02,446.223337909798,314.239990234375,315.700012207031,311.510009765625,312.230010986328,69344200,299.56982421875
2020-07-06,607.339532382883,316.369995117188,317.679992675781,315.559997558594,317.049987792969,61713800,304.194305419922
2020-07-07,480.403766123454,315.380004882812,317.519989013672,313.369995117188,313.779998779297,82910000,301.056945800781
2020-07-08,511.008878510544,314.609985351562,316.299987792969,312.700012207031,316.179992675781,54638600,303.359619140625
2020-07-09,433.994375609621,316.839996337891,317.100006103516,310.679992675781,314.380004882812,83354200,301.632629394531
2020-07-10,552.638661481026,314.309997558594,317.880004882812,312.760009765625,317.589996337891,57550400,304.712432861328
2020-07-13,521.57747937712,320.130004882812,322.709991455078,314.130004882812,314.839996337891,102997500,302.073974609375
2020-07-14,709.611474134818,313.299987792969,319.760009765625,312,318.920013427734,93657000,305.988525390625
2020-07-15,866.823230841164,322.410003662109,323.040008544922,319.269989013672,321.850006103516,87196500,308.799713134766
2020-07-16,850.351278622558,319.790008544922,321.279998779297,319.089996337891,320.790008544922,54622500,307.78271484375
2020-07-17,873.22417462164,321.880004882812,322.570007324219,319.739990234375,321.720001220703,62774900,308.674926757812
2020-07-20,815.486937977091,321.429992675781,325.130004882812,320.619995117188,324.320007324219,56308800,311.169555664062
2020-07-21,945.634677802551,326.450012207031,326.929992675781,323.940002441406,325.010009765625,57292200,311.831604003906
2020-07-22,959.611293427244,324.619995117188,327.200012207031,324.5,326.859985351562,57792900,313.606567382812
2020-07-23,898.291131696489,326.470001220703,327.230010986328,321.480010986328,322.959991455078,75738000,309.864715576172
2020-07-24,835.009632198266,320.950012207031,321.989990234375,319.25,320.880004882812,73766600,307.869049072266
2020-07-27,804.552209939022,321.630004882812,323.410003662109,320.769989013672,323.220001220703,48293000,310.114166259766
2020-07-28,732.535551584712,322.429992675781,323.640014648438,320.850006103516,321.170013427734,57495000,308.147338867188
2020-07-29,897.737753581446,322.119995117188,325.730010986328,322.079986572266,325.119995117188,48454200,311.937103271484
2020-07-30,728.433993867631,321.899993896484,324.410003662109,319.640014648438,323.959991455078,61861700,310.824127197266
2020-07-31,710.163129370956,325.899993896484,326.630004882812,321.329986572266,326.519989013672,84986800,313.280334472656
2020-08-03,732.851297928087,328.320007324219,329.619995117188,327.730010986328,328.790008544922,53077900,315.458312988281
2020-08-04,791.887668284016,327.859985351562,330.059997558594,327.859985351562,330.059997558594,41917900,316.676818847656
2020-08-05,805.32496464473,331.470001220703,332.390014648438,331.179992675781,332.109985351562,42697700,318.643676757812
2020-08-06,780.705252254164,331.480010986328,334.459991455078,331.130004882812,334.329986572266,43679400,320.773651123047
2020-08-07,840.632506657451,333.279998779297,334.880004882812,332.299987792969,334.570007324219,57308300,321.00390625
2020-08-10,886.28977012185,335.059997558594,335.769989013672,332.959991455078,335.570007324219,44282100,321.96337890625
2020-08-11,796.669910283924,336.850006103516,337.540008544922,332.010009765625,332.799987792969,69601100,319.305694580078
2020-08-12,883.241338028375,335.440002441406,338.279998779297,335.410003662109,337.440002441406,53774400,323.757598876953
2020-08-13,847.407573191118,336.609985351562,338.25,335.829986572266,336.829986572266,41816100,323.172302246094
2020-08-14,838.571615994754,336.410003662109,337.420013427734,335.619995117188,336.839996337891,47260400,323.181915283203
2020-08-17,842.759212226497,337.940002441406,338.339996337891,336.850006103516,337.910003662109,35481000,324.20849609375
2020-08-18,800.769425357824,338.339996337891,339.100006103516,336.609985351562,338.640014648438,38733900,324.908966064453
2020-08-19,688.618847438707,339.049987792969,339.609985351562,336.619995117188,337.230010986328,68054200,323.556091308594
2020-08-20,592.946184436801,335.359985351562,338.799987792969,335.220001220703,338.279998779297,42207800,324.563507080078
2020-08-21,560.625410048198,337.920013427734,339.720001220703,337.549987792969,339.480010986328,55106600,325.714874267578
2020-08-24,726.772068229293,342.119995117188,343,339.450012207031,342.920013427734,48588700,329.015411376953
2020-08-25,708.203374243992,343.529998779297,344.209991455078,342.269989013672,344.119995117188,38463400,330.166656494141
2020-08-26,651.629010924176,344.760009765625,347.859985351562,344.170013427734,347.570007324219,50790200,333.476806640625
2020-08-27,704.822091118954,348.510009765625,349.899993896484,346.529998779297,348.329986572266,58034100,334.205963134766
2020-08-28,741.202194463782,349.440002441406,350.720001220703,348.149993896484,350.579986572266,48588900,336.364776611328
2020-08-31,640.523992293203,350.350006103516,351.299987792969,349.059997558594,349.309997558594,66099200,335.146240234375
2020-09-01,640.221935227191,350.209991455078,352.709991455078,349.239990234375,352.600006103516,54908700,338.302886962891
2020-09-02,835.201361713845,354.670013427734,358.75,353.429992675781,357.700012207031,69540000,343.196044921875
2020-09-03,549.260205290232,355.869995117188,356.380004882812,342.589996337891,345.390014648438,148011100,331.385223388672
2020-09-04,502.882277223702,346.130004882812,347.829986572266,334.869995117188,342.570007324219,139156300,328.679565429688
2020-09-08,296.804684991956,336.709991455078,342.640014648438,332.880004882812,333.209991455078,114465300,319.699096679688
2020-09-09,444.914763525984,337.549987792969,342.459991455078,336.609985351562,339.790008544922,91462300,326.012268066406
2020-09-10,307.705908387698,341.820007324219,342.529998779297,332.850006103516,333.890014648438,90569500,320.351501464844
2020-09-11,366.316734530409,335.820007324219,336.970001220703,331,334.059997558594,84680200,320.5146484375
2020-09-14,569.563032529422,337.489990234375,340.380004882812,334.220001220703,338.459991455078,65605700,324.736236572266
2020-09-15,594.06453131687,341.119995117188,342.019989013672,338.470001220703,340.170013427734,52920900,326.376892089844
2020-09-16,625.196112445473,341.510009765625,343.059997558594,338.519989013672,338.820007324219,82096000,325.081604003906
2020-09-17,554.272587578534,333.559997558594,337.700012207031,332.989990234375,335.839996337891,91523300,322.222442626953
2020-09-18,434.626385462746,335.369995117188,335.489990234375,327.970001220703,330.649993896484,105877900,318.512786865234
2020-09-21,162.987288933153,325.700012207031,327.130004882812,321.730010986328,326.970001220703,99450800,314.967864990234
2020-09-22,230.454886991075,328.570007324219,330.899993896484,325.859985351562,330.299987792969,63612100,318.175659179688
2020-09-23,85.7802854790181,330.899993896484,331.200012207031,322.100006103516,322.640014648438,93112200,310.796875
2020-09-24,99.7290516786749,321.220001220703,326.799987792969,319.799987792969,323.5,76681300,311.625244140625
2020-09-25,245.212481985617,322.579986572266,329.579986572266,321.640014648438,328.730010986328,71069400,316.663269042969
2020-09-28,450.212407741549,333.220001220703,334.959991455078,332.149993896484,334.190002441406,64584600,321.9228515625
2020-09-29,389.559466271945,333.970001220703,334.769989013672,331.619995117188,332.369995117188,51304000,320.169677734375
2020-09-30,509.412259022913,333.089996337891,338.290008544922,332.880004882812,334.890014648438,104081100,322.59716796875
2020-10-01,536.845558497215,337.690002441406,338.739990234375,335.010009765625,337.040008544922,88698700,324.668273925781
2020-10-02,645.370328237565,331.700012207031,337.010009765625,331.190002441406,333.839996337891,89431100,321.585662841797
2020-10-05,807.899404246796,336.059997558594,339.959991455078,336.010009765625,339.760009765625,45713100,327.288391113281
2020-10-06,705.262086065903,339.910003662109,342.170013427734,334.380004882812,334.929992675781,90128900,322.635681152344
2020-10-07,823.712442454284,338.119995117188,341.630004882812,338.089996337891,340.760009765625,56999600,328.251708984375
2020-10-08,944.468555780758,342.850006103516,343.850006103516,341.859985351562,343.779998779297,45242500,331.160888671875
2020-10-09,932.043069418713,345.559997558594,347.350006103516,344.890014648438,346.850006103516,59528600,334.1181640625
2020-10-12,969.878745537818,349.589996337891,354.019989013672,349.059997558594,352.429992675781,80388500,339.493286132812
2020-10-13,877.963818014179,352.279998779297,352.470001220703,349.089996337891,350.130004882812,73255500,337.277740478516
2020-10-14,857.031100732598,350.75,351.929992675781,347.140014648438,347.929992675781,57727900,335.158508300781
2020-10-15,887.702016452875,343.709991455078,348.019989013672,343.130004882812,347.5,60357700,334.744262695312
2020-10-16,854.023541813712,348.959991455078,350.75,347.100006103516,347.290008544922,89501900,334.5419921875
2020-10-19,677.055410408909,348.649993896484,349.329986572266,341.040008544922,342.010009765625,68425600,329.455810546875
2020-10-20,707.493527353131,343.459991455078,346.880004882812,342.640014648438,343.380004882812,60051900,330.775512695312
2020-10-21,639.418747352706,343.329986572266,345.670013427734,342.399993896484,342.730010986328,63575000,330.149383544922
2020-10-22,713.052284095839,342.959991455078,345.239990234375,340.649993896484,344.609985351562,55399300,331.960388183594
2020-10-23,722.71567218293,345.929992675781,345.989990234375,343.130004882812,345.779998779297,49143900,333.087432861328
2020-10-26,448.260400304864,342.130004882812,342.980010986328,335.619995117188,339.390014648438,91473000,326.932006835938
2020-10-27,341.097800447098,339.760009765625,340.119995117188,337.989990234375,338.220001220703,65994100,325.804901123047
2020-10-28,120.758467299577,332.100006103516,338.25,326.130004882812,326.660003662109,127094300,314.669219970703
2020-10-29,175.466932454384,326.910003662109,333.399993896484,325.089996337891,329.980010986328,90597700,317.867462158203
2020-10-30,158.054212907812,328.279998779297,329.690002441406,322.600006103516,326.540008544922,120287300,314.5537109375
2020-11-02,378.054462519657,330.200012207031,332.359985351562,327.239990234375,330.200012207031,86068300,318.079345703125
2020-11-03,545.745438595705,333.690002441406,338.25,330.290008544922,336.029998779297,93294200,323.6953125
2020-11-04,512.880477831505,340.859985351562,347.940002441406,339.589996337891,343.540008544922,126959700,330.929656982422
2020-11-05,730.703624856637,349.239990234375,352.190002441406,348.859985351562,350.239990234375,82039700,337.383697509766
2020-11-06,671.245257135743,349.929992675781,351.510009765625,347.649993896484,350.160003662109,74973000,337.306671142578
2020-11-09,838.72463387602,363.970001220703,364.380004882812,354.059997558594,354.559997558594,172304200,341.545166015625
2020-11-10,867.396487378958,353.489990234375,355.179992675781,350.510009765625,354.040008544922,85552000,341.044250488281
2020-11-11,928.720890916733,356.399993896484,357.559997558594,355.059997558594,356.670013427734,58649000,343.577697753906
2020-11-12,867.050116380766,355.579986572266,356.720001220703,351.260009765625,353.209991455078,67546200,340.244720458984
2020-11-13,938.435968738866,355.269989013672,358.899993896484,354.709991455078,358.100006103516,62892200,344.955200195312
2020-11-16,956.54229121886,360.980010986328,362.779998779297,359.589996337891,362.570007324219,74541100,349.261169433594
2020-11-17,920.058346533451,359.970001220703,361.920013427734,358.339996337891,360.619995117188,66111000,347.382690429688
2020-11-18,856.454730004281,360.910003662109,361.5,356.239990234375,356.279998779297,70591300,343.202056884766
2020-11-19,867.908151760415,355.600006103516,358.179992675781,354.149993896484,357.779998779297,59940900,344.64697265625
2020-11-20,853.269012950639,357.5,357.720001220703,355.25,355.329986572266,70417300,342.286865234375
2020-11-23,860.958375816376,357.279998779297,358.820007324219,354.869995117188,357.459991455078,63230600,344.338714599609
2020-11-24,907.634122333924,360.209991455078,363.809997558594,359.290008544922,363.220001220703,62415900,349.887268066406
2020-11-25,895.215596423808,363.130004882812,363.160003662109,361.480010986328,362.660003662109,45330900,349.347839355469
2020-11-27,888.3656492168,363.839996337891,364.179992675781,362.579986572266,363.670013427734,28514100,350.320770263672
2020-11-30,835.839970868446,362.829986572266,363.119995117188,359.170013427734,362.059997558594,83872700,348.769866943359
2020-12-01,856.465020337694,365.570007324219,367.679992675781,364.929992675781,366.019989013672,74231400,352.584442138672
2020-12-02,793.8769248226,364.820007324219,366.959991455078,364.200012207031,366.790008544922,45927000,353.326202392578
2020-12-03,773.544782146717,366.679992675781,368.190002441406,365.5,366.690002441406,62882000,353.229858398438
2020-12-04,814.203771009108,367.320007324219,369.850006103516,367.220001220703,369.850006103516,50749900,356.273895263672
2020-12-07,776.082868729776,369.019989013672,369.619995117188,367.720001220703,369.089996337891,48944300,355.541748046875
2020-12-08,789.605485053615,367.720001220703,370.779998779297,367.670013427734,370.170013427734,42458900,356.582153320312
2020-12-09,750.947902493104,370.880004882812,371.049987792969,365.950012207031,366.850006103516,74098300,353.384002685547
2020-12-10,654.200690437422,365.369995117188,367.859985351562,364.429992675781,366.730010986328,57735400,353.268402099609
2020-12-11,587.419025605032,364.899993896484,366.739990234375,363.260009765625,366.299987792969,57698600,352.854217529297
2020-12-14,484.6568901327,368.640014648438,369.799987792969,364.470001220703,364.660003662109,69216200,351.274383544922
2020-12-15,699.356486539762,367.399993896484,369.589996337891,365.920013427734,369.589996337891,63865300,356.0234375
2020-12-16,656.629679144772,369.820007324219,371.160003662109,368.869995117188,370.170013427734,58420500,356.582153320312
2020-12-17,721.836337356292,371.940002441406,372.459991455078,371.049987792969,372.239990234375,64119500,358.576171875
2020-12-18,639.624012549879,370.970001220703,371.149993896484,367.019989013672,369.179992675781,136542300,357.144409179688
2020-12-21,535.071652822986,364.970001220703,378.459991455078,362.029998779297,367.859985351562,96386700,355.867431640625
2020-12-22,477.433924740265,368.209991455078,368.329986572266,366.029998779297,367.239990234375,47949000,355.267639160156
2020-12-23,559.079270584032,368.279998779297,369.619995117188,367.220001220703,367.570007324219,46201400,355.5869140625
2020-12-24,585.674379233711,368.079986572266,369.029998779297,367.450012207031,369,26457900,356.970275878906
2020-12-28,622.359690560614,371.739990234375,372.589996337891,371.070007324219,372.170013427734,39000400,360.036926269531
2020-12-29,530.781537881937,373.809997558594,374,370.829986572266,371.459991455078,53680500,359.350067138672
2020-12-30,626.750456803982,372.339996337891,373.100006103516,371.570007324219,371.989990234375,49455300,359.862762451172
2020-12-31,737.696240888313,371.779998779297,374.660003662109,371.230010986328,373.880004882812,78520700,361.691192626953
2021-01-04,441.923817329503,375.309997558594,375.450012207031,364.820007324219,368.790008544922,110210800,356.767120361328
2021-01-05,577.030753166612,368.100006103516,372.5,368.049987792969,371.329986572266,66426200,359.224273681641
2021-01-06,785.95371946679,369.709991455078,376.980010986328,369.119995117188,373.549987792969,107997700,361.371917724609
2021-01-07,787.148683726232,376.100006103516,379.899993896484,375.910003662109,379.100006103516,68766800,366.740997314453
2021-01-08,824.009937440299,380.589996337891,381.489990234375,377.100006103516,381.260009765625,71677200,368.83056640625
2021-01-11,749.427997773712,377.850006103516,380.579986572266,377.720001220703,378.690002441406,51034700,366.344390869141
2021-01-12,724.445381228409,378.890014648438,379.859985351562,376.359985351562,378.769989013672,52547700,366.421752929688
2021-01-13,734.796953858772,378.690002441406,380.859985351562,377.850006103516,379.790008544922,45303600,367.408538818359
2021-01-14,713.551530114907,380.589996337891,381.130004882812,378.100006103516,378.459991455078,49989100,366.121856689453
2021-01-15,715.373075185621,376.720001220703,377.579986572266,373.700012207031,375.700012207031,107160000,363.451873779297
2021-01-19,708.557816114767,378.339996337891,379.230010986328,376.75,378.649993896484,51233300,366.3056640625
2021-01-20,831.284384958773,381.109985351562,384.790008544922,380.690002441406,383.890014648438,61836100,371.374847412109
2021-01-21,744.408437234908,384.489990234375,384.950012207031,383.25,384.239990234375,47840100,371.713439941406
2021-01-22,666.48676918613,382.25,384.130004882812,381.839996337891,382.880004882812,52860500,370.397796630859
2021-01-25,667.099846400792,383.670013427734,384.769989013672,378.459991455078,384.390014648438,70402000,371.858581542969
2021-01-26,546.171815003019,385.410003662109,385.850006103516,383.540008544922,383.790008544922,42665300,371.278137207031
2021-01-27,334.560044659539,380.220001220703,380.320007324219,372.010009765625,374.410003662109,123351100,362.203948974609
2021-01-28,404.806770207418,376.359985351562,381.929992675781,375.890014648438,377.630004882812,94198100,365.318939208984
2021-01-29,254.202773411843,375.630004882812,376.670013427734,368.269989013672,370.070007324219,126765100,358.005401611328
2021-02-01,354.731162280621,373.720001220703,377.339996337891,370.380004882812,376.230010986328,75817600,363.964599609375
2021-02-02,461.113568490248,379.649993896484,383.220001220703,376.320007324219,381.549987792969,64450700,369.111083984375
2021-02-03,482.748209521936,382.440002441406,383.700012207031,380.480010986328,381.850006103516,52427100,369.401336669922
2021-02-04,647.374810552969,382.959991455078,386.239990234375,381.970001220703,386.190002441406,47142600,373.599822998047
2021-02-05,734.991932401226,388.200012207031,388.470001220703,386.140014648438,387.709991455078,48669800,375.0703125
2021-02-08,838.451209143675,389.269989013672,390.559997558594,388.350006103516,390.510009765625,38365200,377.779052734375
2021-02-09,793.344871917913,389.609985351562,390.890014648438,389.170013427734,390.25,35551100,377.527496337891
2021-02-10,830.210975191329,392.119995117188,392.279998779297,387.5,390.079986572266,59154400,377.363067626953
2021-02-11,775.794295259814,391.239990234375,391.690002441406,388.100006103516,390.709991455078,42913300,377.972503662109
2021-02-12,794.918600089613,389.850006103516,392.899993896484,389.769989013672,392.640014648438,50593300,379.839630126953
2021-02-16,748.898188120187,393.959991455078,394.170013427734,391.529998779297,392.299987792969,50972400,379.510650634766
2021-02-17,747.612006113267,390.420013427734,392.660003662109,389.329986572266,392.390014648438,52290600,379.597778320312
2021-02-18,752.450428736227,389.589996337891,391.519989013672,387.739990234375,390.720001220703,59712800,377.982177734375
2021-02-19,725.204879975582,392.070007324219,392.380004882812,389.549987792969,390.029998779297,83241000,377.314697265625
2021-02-22,669.59645845478,387.059997558594,389.619995117188,386.739990234375,387.029998779297,67414200,374.412414550781
2021-02-23,648.76029060357,384.660003662109,388.950012207031,380.200012207031,387.5,107284100,374.8671875
2021-02-24,702.409864880988,386.329986572266,392.230010986328,385.269989013672,391.769989013672,72433900,378.997894287109
2021-02-25,595.447896490245,390.410003662109,391.880004882812,380.779998779297,382.329986572266,146670500,369.86572265625
2021-02-26,516.988928605561,384.350006103516,385.579986572266,378.230010986328,380.359985351562,152701600,367.9599609375
2021-03-01,651.691448835882,385.589996337891,390.920013427734,380.570007324219,389.579986572266,105348800,376.879302978516
2021-03-02,623.746193063512,389.820007324219,390.070007324219,386,386.540008544922,79595300,373.938415527344
2021-03-03,560.366015379785,385.790008544922,386.829986572266,381.309997558594,381.420013427734,119940200,368.985412597656
2021-03-04,473.748463641067,381.220001220703,384,371.880004882812,376.700012207031,183433000,364.419250488281
2021-03-05,681.560470276747,380.459991455078,384.760009765625,372.640014648438,383.630004882812,152039600,371.123352050781
2021-03-08,723.175851750689,384.660003662109,387.679992675781,381.420013427734,381.720001220703,123149200,369.275604248047
2021-03-09,761.129248195677,385.850006103516,389.910003662109,385.309997558594,387.170013427734,113633600,374.547912597656
2021-03-10,820.478322439201,389.690002441406,391.399993896484,388.170013427734,389.579986572266,109899400,376.879302978516
2021-03-11,872.456210721155,392.230010986328,395.649993896484,391.739990234375,393.529998779297,86245000,380.700592041016
2021-03-12,894.571931912218,392.070007324219,394.209991455078,391.200012207031,394.059997558594,64653600,381.213256835938
2021-03-15,951.303177328257,394.329986572266,396.690002441406,392.029998779297,396.410003662109,73427200,383.486694335938
2021-03-16,897.491387867624,397.070007324219,397.829986572266,395.079986572266,395.910003662109,73722500,383.002990722656
2021-03-17,924.10425085587,394.529998779297,398.119995117188,393.299987792969,397.260009765625,97959300,384.308929443359
2021-03-18,733.694456771005,394.480010986328,396.720001220703,390.75,391.480010986328,115349100,378.717407226562
2021-03-19,709.077697261748,389.880004882812,391.570007324219,387.149993896484,389.480010986328,113624500,378.0166015625
2021-03-22,727.071650014838,390.029998779297,394.070007324219,389.970001220703,392.589996337891,73778600,381.035125732422
2021-03-23,570.904895872231,391.910003662109,393.459991455078,388.660003662109,389.5,90686600,378.036071777344
2021-03-24,560.336726651295,391,392.75,387.470001220703,387.519989013672,97588600,376.114349365234
2021-03-25,682.539706116147,385.980010986328,390.549987792969,383.899993896484,389.700012207031,116128600,378.230194091797
2021-03-26,839.323943301845,390.929992675781,396.410003662109,390.290008544922,395.980010986328,114409100,384.325378417969
2021-03-29,744.700324734434,394.399993896484,396.75,392.809997558594,395.779998779297,108107600,384.131225585938
2021-03-30,793.1419701705,394.420013427734,395.450012207031,393.019989013672,394.730010986328,76262200,383.112182617188
2021-03-31,759.956703491704,395.339996337891,398,395.309997558594,396.329986572266,112734200,384.6650390625
2021-04-01,853.920538492165,398.399993896484,400.670013427734,398.179992675781,400.609985351562,99682900,388.819030761719
2021-04-05,866.893628759354,403.459991455078,406.940002441406,403.380004882812,406.359985351562,91684800,394.399841308594
2021-04-06,880.458384516269,405.760009765625,407.239990234375,405.399993896484,406.119995117188,62021000,394.166900634766
2021-04-07,834.409386082262,405.940002441406,406.959991455078,405.450012207031,406.589996337891,55836300,394.623077392578
2021-04-08,828.992668994908,407.929992675781,408.579986572266,406.929992675781,408.519989013672,57863100,396.496246337891
2021-04-09,854.410164622966,408.390014648438,411.670013427734,408.260009765625,411.489990234375,61104600,399.378845214844
2021-04-12,875.574545396798,410.850006103516,411.929992675781,410.200012207031,411.640014648438,56704900,399.524475097656
2021-04-13,833.050837286263,411.529998779297,413.529998779297,411.119995117188,412.859985351562,56551000,400.708526611328
2021-04-14,915.756211035452,412.829986572266,413.959991455078,410.869995117188,411.450012207031,61659900,399.340057373047
2021-04-15,924.515246340204,413.739990234375,416.160003662109,413.690002441406,415.869995117188,60229800,403.629943847656
2021-04-16,936.846769200315,417.25,417.910003662109,415.730010986328,417.260009765625,82037300,404.97900390625
2021-04-19,898.439655283071,416.260009765625,416.739990234375,413.790008544922,415.209991455078,78498500,402.989318847656
2021-04-20,765.636857849937,413.910003662109,415.089996337891,410.589996337891,412.170013427734,81851800,400.038909912109
2021-04-21,879.787311618815,411.510009765625,416.290008544922,411.359985351562,416.070007324219,66793000,403.824066162109
2021-04-22,754.702488673016,415.890014648438,416.779998779297,411.130004882812,412.269989013672,97582800,400.135894775391
2021-04-23,820.021454698671,412.869995117188,418.25,412.790008544922,416.739990234375,73209200,404.474273681641
2021-04-26,828.699619390101,417.440002441406,418.220001220703,416.809997558594,417.609985351562,52182400,405.318695068359
2021-04-27,817.875416473135,417.929992675781,418.140014648438,416.299987792969,417.519989013672,51303100,405.231353759766
2021-04-28,792.152767422471,417.809997558594,419.010009765625,416.899993896484,417.399993896484,51238900,405.114929199219
2021-04-29,862.401249408523,420.320007324219,420.720001220703,416.440002441406,420.059997558594,78544300,407.696594238281
2021-04-30,766.378430223531,417.630004882812,418.540008544922,416.339996337891,417.299987792969,85527000,405.017822265625
2021-05-03,840.89416177488,419.429992675781,419.839996337891,417.670013427734,418.200012207031,68128300,405.891326904297
2021-05-04,755.00814305054,416.070007324219,416.600006103516,411.670013427734,415.619995117188,101591200,403.387268066406
2021-05-05,707.356837953513,417.380004882812,417.630004882812,415.149993896484,415.75,60162200,403.513458251953
2021-05-06,757.23016392235,415.829986572266,419.209991455078,413.679992675781,419.070007324219,74321400,406.735778808594
2021-05-07,837.970064714969,419.890014648438,422.820007324219,419.160003662109,422.119995117188,67733800,409.695983886719
2021-05-10,788.955279673589,422.5,422.739990234375,417.809997558594,417.940002441406,81852400,405.638977050781
2021-05-11,680.814382277477,413.100006103516,415.269989013672,410.059997558594,414.209991455078,116888000,402.018768310547
2021-05-12,441.571844725117,411.230010986328,412.589996337891,404,405.410003662109,134811000,393.477752685547
2021-05-13,586.81008132868,407.070007324219,412.350006103516,407.019989013672,410.279998779297,106394000,398.204498291016
2021-05-14,688.053907242133,413.209991455078,417.489990234375,413.179992675781,416.579986572266,82201600,404.319061279297
2021-05-17,646.601215292782,415.390014648438,416.390014648438,413.359985351562,415.519989013672,65129200,403.290222167969
2021-05-18,585.212316762125,415.799987792969,416.059997558594,411.769989013672,411.940002441406,59810200,399.815673828125
2021-05-19,459.701883770264,406.920013427734,411.049987792969,405.329986572266,410.859985351562,106467100,398.767425537109
2021-05-20,592.853193035473,411.799987792969,416.630004882812,411.670013427734,415.279998779297,78022200,403.057312011719
2021-05-21,585.85257851088,416.869995117188,418.200012207031,414.450012207031,414.940002441406,76578700,402.727294921875
2021-05-24,725.705496570276,417.339996337891,420.320007324219,417.079986572266,419.170013427734,51376700,406.832794189453
2021-05-25,576.218301026231,420.329986572266,420.709991455078,417.619995117188,418.239990234375,57451400,405.930145263672
2021-05-26,622.17263491796,418.869995117188,419.609985351562,417.760009765625,419.070007324219,43088600,406.735778808594
2021-05-27,681.214529233064,420.170013427734,420.720001220703,418.989990234375,419.290008544922,56707700,406.949279785156
2021-05-28,702.502651612668,420.970001220703,421.25,419.790008544922,420.040008544922,58520200,407.67724609375
2021-06-01,721.848182759809,422.570007324219,422.720001220703,419.200012207031,419.670013427734,54216600,407.318054199219
2021-06-02,716.518299024541,420.369995117188,421.230010986328,419.290008544922,420.329986572266,49097100,407.958679199219
2021-06-03,690.905485166702,417.850006103516,419.989990234375,416.279998779297,418.769989013672,58138800,406.444580078125
2021-06-04,738.041223107402,420.75,422.920013427734,418.839996337891,422.600006103516,55938800,410.161834716797
2021-06-07,696.574867551533,422.589996337891,422.779998779297,421.190002441406,422.190002441406,51555000,409.763946533203
2021-06-08,713.53544284334,423.109985351562,423.209991455078,420.320007324219,422.279998779297,47134300,409.851318359375
2021-06-09,667.926496229163,423.179992675781,423.260009765625,421.410003662109,421.649993896484,48436300,409.239807128906
2021-06-10,684.532205424622,422.959991455078,424.630004882812,421.549987792969,423.609985351562,51020100,411.142150878906
2021-06-11,711.375196857791,424.200012207031,424.429992675781,422.820007324219,424.309997558594,45570800,411.821533203125
2021-06-14,655.547262789428,424.429992675781,425.369995117188,423.100006103516,425.260009765625,42358500,412.743591308594
2021-06-15,650.656917661744,425.420013427734,425.459991455078,423.540008544922,424.480010986328,51508500,411.986541748047
2021-06-16,493.819334234647,424.630004882812,424.869995117188,419.920013427734,422.109985351562,80386100,409.686248779297
2021-06-17,421.801588456478,421.670013427734,423.019989013672,419.320007324219,421.970001220703,90949700,409.550415039062
2021-06-18,232.607914324512,417.089996337891,417.829986572266,414.700012207031,414.920013427734,118676300,404.025390625
2021-06-21,422.89603075007,416.799987792969,421.059997558594,415.929992675781,420.859985351562,72822000,409.809448242188
2021-06-22,402.501735409167,420.850006103516,424,420.079986572266,423.109985351562,57700300,412.000335693359
2021-06-23,386.930340636091,423.190002441406,424.049987792969,422.510009765625,422.600006103516,49445400,411.503723144531
2021-06-24,447.584873406859,424.890014648438,425.549987792969,424.619995117188,425.100006103516,45110300,413.938110351562
2021-06-25,542.215960579272,425.899993896484,427.089996337891,425.549987792969,426.609985351562,58129500,415.408447265625
2021-06-28,449.269162975825,427.170013427734,427.649993896484,425.890014648438,427.470001220703,53159600,416.245880126953
2021-06-29,423.090165337106,427.880004882812,428.559997558594,427.130004882812,427.700012207031,35970500,416.469818115234
2021-06-30,459.212001647229,427.209991455078,428.779998779297,427.179992675781,428.059997558594,64827900,416.820404052734
2021-07-01,599.504875857344,428.869995117188,430.600006103516,428.799987792969,430.429992675781,53441000,419.128143310547
2021-07-02,602.173518529485,431.670013427734,434.100006103516,430.519989013672,433.720001220703,57697700,422.331756591797
2021-07-06,497.110324513904,433.779998779297,434.010009765625,430.010009765625,432.929992675781,68710400,421.562469482422
2021-07-07,573.791361104305,433.660003662109,434.760009765625,431.510009765625,434.459991455078,63549500,423.052337646484
2021-07-08,470.950557423157,428.779998779297,431.730010986328,427.519989013672,430.920013427734,97595200,419.605285644531
2021-07-09,680.947565344885,432.529998779297,435.839996337891,430.709991455078,435.519989013672,76238600,424.084503173828
2021-07-12,724.446049932194,435.429992675781,437.350006103516,434.970001220703,437.079986572266,52889600,425.603515625
2021-07-13,600.084027762446,436.239990234375,437.839996337891,435.309997558594,435.589996337891,52911300,424.152648925781
2021-07-14,617.497445017877,437.399993896484,437.920013427734,434.910003662109,436.239990234375,64130400,424.785583496094
2021-07-15,611.203503736592,434.809997558594,435.529998779297,432.720001220703,434.75,55126400,423.334716796875
2021-07-16,539.283779417334,436.010009765625,436.059997558594,430.920013427734,431.339996337891,75874700,420.014221191406
2021-07-19,334.119190548344,426.190002441406,431.410003662109,421.970001220703,424.970001220703,147987000,413.8115234375
2021-07-20,492.333523274023,425.679992675781,432.420013427734,424.829986572266,431.059997558594,99608200,419.741607666016
2021-07-21,555.790623092207,432.339996337891,434.700012207031,431.010009765625,434.549987792969,64724400,423.139984130859
2021-07-22,498.561917195619,434.739990234375,435.720001220703,433.690002441406,435.459991455078,47878500,424.026092529297
2021-07-23,634.376189368614,437.519989013672,440.299987792969,436.790008544922,439.940002441406,63766600,428.388458251953
2021-07-26,674.173326672786,439.309997558594,441.029998779297,439.260009765625,441.019989013672,43719200,429.440063476562
2021-07-27,652.345529665117,439.910003662109,439.940002441406,435.989990234375,439.010009765625,67397100,427.482879638672
2021-07-28,641.244205299425,439.679992675781,440.299987792969,437.309997558594,438.829986572266,52472400,427.3076171875
2021-07-29,745.747078429201,439.820007324219,441.799987792969,439.809997558594,440.649993896484,47435300,429.079803466797
2021-07-30,672.053123365453,437.910003662109,440.059997558594,437.769989013672,438.510009765625,68951200,426.995971679688
2021-08-02,632.945074740778,440.339996337891,440.929992675781,437.209991455078,437.589996337891,58783300,426.100128173828
2021-08-03,701.435021196506,438.440002441406,441.279998779297,436.100006103516,441.149993896484,58053900,429.566680908203
2021-08-04,552.596592898526,439.779998779297,441.119995117188,438.730010986328,438.980010986328,46732200,427.453704833984
2021-08-05,696.780467073409,440.220001220703,441.850006103516,439.880004882812,441.760009765625,38969700,430.16064453125
2021-08-06,754.36582905323,442.100006103516,442.940002441406,441.799987792969,442.489990234375,46930000,430.871459960938
2021-08-09,677.99064260747,442.459991455078,442.799987792969,441.309997558594,442.130004882812,41222600,430.520904541016
2021-08-10,745.721273487761,442.609985351562,443.440002441406,441.880004882812,442.679992675781,43339300,431.056488037109
2021-08-11,799.543731244332,443.820007324219,443.880004882812,442.619995117188,443.779998779297,44034300,432.127593994141
2021-08-12,777.004218248292,443.619995117188,445.260009765625,442.660003662109,445.109985351562,38909400,433.422637939453
2021-08-13,768.533305588425,445.589996337891,445.940002441406,445.070007324219,445.920013427734,39470300,434.21142578125
2021-08-16,753.798737439243,444.529998779297,447.109985351562,442.869995117188,446.970001220703,73740000,435.233856201172
2021-08-17,655.325147197601,444.239990234375,444.959991455078,440.850006103516,444.040008544922,92673900,432.380767822266
2021-08-18,498.666783086101,442.959991455078,444.630004882812,438.920013427734,439.179992675781,89351900,427.648376464844
2021-08-19,460.942335622508,436.269989013672,441.140014648438,436.119995117188,439.859985351562,92812200,428.310546875
2021-08-20,548.851793981806,440.230010986328,443.709991455078,439.709991455078,443.359985351562,72008700,431.718658447266
2021-08-23,616.427798267161,445.160003662109,448.230010986328,443.440002441406,447.260009765625,54973000,435.516235351562
2021-08-24,669.553720523937,447.970001220703,448.540008544922,447.420013427734,447.970001220703,38744700,436.207580566406
2021-08-25,695.185308399658,448.170013427734,449.459991455078,447.769989013672,448.910003662109,40529700,437.122955322266
2021-08-26,583.514613552714,448.609985351562,448.859985351562,446.160003662109,446.260009765625,57829600,434.542510986328
2021-08-27,765.503061610572,447.119995117188,450.649993896484,447.059997558594,450.25,77235100,438.427734375
2021-08-30,733.244936149718,450.970001220703,453.070007324219,450.709991455078,452.230010986328,48357400,440.355773925781
2021-08-31,766.684118894965,452.130004882812,452.489990234375,450.920013427734,451.559997558594,59300200,439.703308105469
2021-09-01,731.651936377043,452.559997558594,453.109985351562,451.549987792969,451.799987792969,48721400,439.93701171875
2021-09-02,834.565633880848,453.320007324219,454.049987792969,451.910003662109,453.190002441406,42501000,441.290557861328
2021-09-03,750.250590393721,451.980010986328,453.630004882812,451.549987792969,453.079986572266,47170500,441.183441162109
2021-09-07,572.922239367542,452.709991455078,452.809997558594,450.739990234375,451.459991455078,51671500,439.60595703125
2021-09-08,594.811609523122,450.890014648438,451.670013427734,448.859985351562,450.910003662109,56181900,439.070404052734
2021-09-09,519.599912281424,450.700012207031,452.570007324219,448.720001220703,448.980010986328,57970400,437.191101074219
2021-09-10,385.1128392406,451.040008544922,451.489990234375,445.309997558594,445.440002441406,89948200,433.744018554688
2021-09-13,470.615672857414,448.640014648438,448.920013427734,444.109985351562,446.579986572266,83738600,434.854064941406
2021-09-14,382.493684753929,448.119995117188,448.339996337891,443.220001220703,444.170013427734,78197100,432.507354736328
2021-09-15,510.712087401937,444.619995117188,448.410003662109,443.440002441406,447.880004882812,78792200,436.119964599609
2021-09-16,480.959801599753,447.320007324219,448.359985351562,444.019989013672,447.170013427734,77786700,435.428619384766
2021-09-17,353.061024158753,444.920013427734,445.369995117188,441.019989013672,441.399993896484,118425000,431.187072753906
2021-09-20,154.377791493957,434.880004882812,436.559997558594,428.859985351562,434.040008544922,166445500,423.997406005859
2021-09-21,142.675457603424,436.529998779297,437.910003662109,433.070007324219,433.630004882812,92526100,423.596862792969
2021-09-22,303.321878749187,436.049987792969,440.029998779297,433.75,437.859985351562,102350100,427.728973388672
2021-09-23,450.484880378486,439.850006103516,444.890014648438,439.600006103516,443.179992675781,76396000,432.925872802734
2021-09-24,437.39493581556,441.440002441406,444.670013427734,441.209991455078,443.910003662109,62094800,433.639007568359
2021-09-27,446.892765190196,442.809997558594,444.049987792969,441.899993896484,442.640014648438,61371100,432.398406982422
2021-09-28,357.716047395239,439.690002441406,440.040008544922,432.940002441406,433.720001220703,130436300,423.684814453125
2021-09-29,393.386979645012,435.190002441406,437.040008544922,433.850006103516,434.450012207031,82329200,424.397857666016
2021-09-30,275.633308969933,436.019989013672,436.769989013672,428.779998779297,429.140014648438,140506000,419.210784912109
2021-10-01,399.876505287531,430.980010986328,436.029998779297,427.230010986328,434.239990234375,129240100,424.192718505859
2021-10-04,406.475954334262,433,433.959991455078,426.359985351562,428.640014648438,128570000,418.722351074219
2021-10-05,444.503970460201,430.239990234375,435.489990234375,429.390014648438,433.100006103516,90682500,423.079162597656
2021-10-06,509.870054764641,429.269989013672,435.119995117188,427.540008544922,434.899993896484,113032200,424.837432861328
2021-10-07,630.037517006082,438.390014648438,441.679992675781,438.200012207031,438.660003662109,72437500,428.510498046875
2021-10-08,568.303178883031,439.480010986328,439.890014648438,437.190002441406,437.859985351562,74557400,427.728973388672
2021-10-11,509.944967502033,437.160003662109,440.260009765625,434.619995117188,434.690002441406,65233300,424.63232421875
2021-10-12,516.903958369011,435.670013427734,436.100006103516,432.779998779297,433.619995117188,71181200,423.587066650391
2021-10-13,569.536214353933,434.709991455078,436.049987792969,431.540008544922,435.179992675781,72974000,425.110992431641
2021-10-14,800.113693979794,439.079986572266,442.660003662109,438.579986572266,442.5,70236800,432.261596679688
2021-10-15,821.191044208046,444.75,446.260009765625,444.089996337891,445.869995117188,66260200,435.553649902344
2021-10-18,792.406238321922,443.970001220703,447.549987792969,443.269989013672,447.190002441406,62213200,436.843109130859
2021-10-19,859.846153274493,448.920013427734,450.709991455078,448.269989013672,450.640014648438,46996800,440.213317871094
2021-10-20,927.724576025017,451.130004882812,452.730010986328,451.010009765625,452.410003662109,49571600,441.942291259766
2021-10-21,899.742631640819,451.769989013672,453.829986572266,451.309997558594,453.589996337891,41305400,443.095031738281
2021-10-22,904.041338829401,453.130004882812,454.670013427734,451.049987792969,453.119995117188,58845100,442.635894775391
2021-10-25,882.633605556198,454.279998779297,455.899993896484,452.390014648438,455.549987792969,45214500,445.009643554688
2021-10-26,891.065064137229,457.200012207031,458.489990234375,455.559997558594,455.959991455078,56075100,445.41015625
2021-10-27,728.619814330429,456.450012207031,457.160003662109,453.859985351562,453.940002441406,72438000,443.436950683594
2021-10-28,785.912203617701,455.459991455078,458.399993896484,455.450012207031,458.320007324219,51437900,447.715606689453
2021-10-29,706.355243053277,455.869995117188,459.559997558594,455.559997558594,459.25,70162400,448.6240234375
2021-11-01,781.660241169332,460.299987792969,460.700012207031,458.200012207031,460.040008544922,48433600,449.395751953125
2021-11-02,753.734530262974,460.220001220703,462.230010986328,460.079986572266,461.899993896484,48908400,451.212768554688
2021-11-03,784.336907327474,461.299987792969,465.149993896484,460.829986572266,464.720001220703,52509800,453.967498779297
2021-11-04,709.198039916858,465.359985351562,467,464.989990234375,466.910003662109,52847100,456.106842041016
2021-11-05,785.162188257068,469.279998779297,470.649993896484,466.920013427734,468.529998779297,66390600,457.689361572266
2021-11-08,752.39839558701,469.700012207031,470.230010986328,468.200012207031,468.929992675781,50405200,458.080108642578
2021-11-09,741.479928778511,469.320007324219,469.570007324219,465.880004882812,467.380004882812,51149100,456.565979003906
2021-11-10,701.571753825217,465.579986572266,467.380004882812,462.040008544922,463.619995117188,69429700,452.892974853516
2021-11-11,688.858197280581,465.209991455078,465.290008544922,463.75,463.769989013672,34848500,453.039489746094
2021-11-12,693.862660980555,465.119995117188,467.859985351562,464.109985351562,467.269989013672,53466700,456.458465576172
2021-11-15,719.86085698225,468.640014648438,468.809997558594,466.230010986328,467.429992675781,46980500,456.614776611328
2021-11-16,677.112246947745,467.149993896484,470.489990234375,467.070007324219,469.279998779297,48857500,458.422027587891
2021-11-17,615.867542627074,469,469.190002441406,467.480010986328,468.140014648438,47858300,457.308410644531
2021-11-18,557.136840239054,469.239990234375,470.010009765625,466.339996337891,469.730010986328,50625600,458.861572265625
2021-11-19,484.678308055662,469.609985351562,470.940002441406,468.5,468.890014648438,57315600,458.041015625
2021-11-22,514.744838667328,470.890014648438,473.540008544922,467.350006103516,467.570007324219,72762000,456.751556396484
2021-11-23,619.386407425564,467.220001220703,469.100006103516,464.450012207031,468.190002441406,73206500,457.357238769531
2021-11-24,600.486868727686,466.059997558594,469.570007324219,465.190002441406,469.440002441406,61858800,458.578277587891
2021-11-26,240.547638526611,462.339996337891,463.899993896484,457.769989013672,458.970001220703,112669600,448.350555419922
2021-11-29,385.448577785447,464.070007324219,466.559997558594,461.730010986328,464.600006103516,86268800,453.850280761719
2021-11-30,119.091517232621,462,464.029998779297,455.299987792969,455.559997558594,148559600,445.019409179688
2021-12-01,91.8214398413327,461.640014648438,464.670013427734,450.290008544922,450.5,131939200,440.076507568359
2021-12-02,224.271819500335,450.730010986328,459.070007324219,450.309997558594,457.399993896484,127637800,446.816864013672
2021-12-03,278.003361104712,459.170013427734,460.299987792969,448.920013427734,453.420013427734,137331600,442.928985595703
2021-12-06,431.199451723993,456.130004882812,460.790008544922,453.559997558594,458.790008544922,98977500,448.174713134766
2021-12-07,661.11618802257,464.410003662109,468.880004882812,458.649993896484,468.279998779297,95484700,457.445129394531
2021-12-08,724.763433859248,468.700012207031,470,466.829986572266,469.519989013672,72238800,458.656463623047
2021-12-09,632.918125237474,468.149993896484,469.630004882812,466.140014648438,466.350006103516,61272600,455.559783935547
2021-12-10,721.854036606549,469.230010986328,470.899993896484,466.510009765625,470.739990234375,77159800,459.848175048828
2021-12-13,585.694505941108,470.190002441406,470.559997558594,466.269989013672,466.570007324219,87724700,455.774688720703
2021-12-14,528.137786670122,463.089996337891,465.739990234375,460.25,463.359985351562,97264100,452.638916015625
2021-12-15,647.368918241342,463.420013427734,470.859985351562,460.739990234375,470.600006103516,116899300,459.711456298828
2021-12-16,669.435263923422,472.570007324219,472.869995117188,464.799987792969,466.450012207031,116568600,455.657470703125
2021-12-17,541.398107482851,461.549987792969,464.739990234375,458.059997558594,459.869995117188,135511600,450.807922363281
2021-12-20,403.207419801498,454.480010986328,455.399993896484,451.140014648438,454.980010986328,107134800,446.014343261719
2021-12-21,648.435659355127,458.609985351562,463.209991455078,456.309997558594,463.059997558594,69806300,453.935119628906
2021-12-22,769.514429019994,462.790008544922,467.809997558594,462.579986572266,467.690002441406,58890200,458.473876953125
2021-12-23,850.446693646519,468.75,472.190002441406,468.640014648438,470.600006103516,56439700,461.326538085938
2021-12-27,992.261141957658,472.059997558594,477.309997558594,472.010009765625,477.260009765625,56808600,467.855285644531
2021-12-28,1008.62030766302,477.720001220703,478.809997558594,476.059997558594,476.869995117188,47274600,467.472961425781
2021-12-29,988.9676205795,476.980010986328,478.559997558594,475.920013427734,477.480010986328,54503000,468.071014404297
2021-12-30,978.907758215144,477.929992675781,479,475.670013427734,476.160003662109,55329000,466.777008056641
2021-12-31,966.287591504745,475.640014648438,476.859985351562,474.670013427734,474.959991455078,65237400,465.6005859375
2022-01-03,919.602340834574,476.299987792969,477.850006103516,473.850006103516,477.709991455078,72668200,468.296417236328
2022-01-04,902.894146890546,479.220001220703,479.980010986328,475.579986572266,477.549987792969,71178700,468.139587402344
2022-01-05,753.687239318963,477.160003662109,477.980010986328,468.279998779297,468.380004882812,104538900,459.150268554688
2022-01-06,746.782913033815,467.890014648438,470.820007324219,465.429992675781,467.940002441406,86858900,458.718933105469
2022-01-07,690.531260562365,467.950012207031,469.200012207031,464.649993896484,466.089996337891,85111600,456.905395507812
2022-01-10,622.052407847321,462.700012207031,465.739990234375,456.600006103516,465.510009765625,119362000,456.336883544922
2022-01-11,662.691927958882,465.230010986328,469.850006103516,462.049987792969,469.75,74303100,460.493316650391
2022-01-12,669.186452002626,471.589996337891,473.200012207031,468.940002441406,471.019989013672,67605400,461.738250732422
2022-01-13,636.824952160399,472.190002441406,472.880004882812,463.440002441406,464.529998779297,91173100,455.376159667969
2022-01-14,594.552329283236,461.190002441406,465.089996337891,459.899993896484,464.720001220703,95890900,455.562408447266
2022-01-18,455.128954392731,459.739990234375,459.959991455078,455.309997558594,456.489990234375,109709100,447.494567871094
2022-01-19,404.158309716755,458.130004882812,459.609985351562,451.459991455078,451.75,109357600,442.847991943359
2022-01-20,310.436952308134,453.75,458.739990234375,444.5,446.75,122379700,437.946502685547
2022-01-21,219.874022711136,445.559997558594,448.059997558594,437.950012207031,437.980010986328,202271200,429.349365234375
2022-01-24,207.183182111358,432.029998779297,440.380004882812,420.760009765625,439.839996337891,251783900,431.172668457031
2022-01-25,176.794937692287,433.059997558594,439.720001220703,427.149993896484,434.470001220703,167997300,425.908477783203
2022-01-26,148.919878259599,440.720001220703,444.040008544922,428.859985351562,433.380004882812,186391100,424.839996337891
2022-01-27,176.937650771201,438.260009765625,441.589996337891,429.450012207031,431.239990234375,149878300,422.742126464844
2022-01-28,289.020421396721,432.679992675781,442,427.820007324219,441.950012207031,164457400,433.241149902344
2022-01-31,386.733285714804,441.239990234375,450.279998779297,439.809997558594,449.910003662109,152251400,441.044250488281
2022-02-01,441.598641544835,450.679992675781,453.630004882812,446.940002441406,452.950012207031,123155400,444.024353027344
2022-02-02,622.728871390158,455.5,458.119995117188,453.049987792969,457.350006103516,117361000,448.337646484375
2022-02-03,514.409828673901,450.950012207031,452.970001220703,445.709991455078,446.600006103516,118024400,437.799468994141
2022-02-04,511.179221183683,446.350006103516,452.779998779297,443.829986572266,448.700012207031,118454400,439.858093261719
2022-02-07,544.692693992503,449.510009765625,450.989990234375,445.850006103516,447.260009765625,84472900,438.446472167969
2022-02-08,611.928280328039,446.730010986328,451.920013427734,445.220001220703,450.940002441406,81012000,442.053955078125
2022-02-09,786.735759315552,455.220001220703,457.880004882812,455.010009765625,457.540008544922,92589900,448.523895263672
2022-02-10,584.25130161824,451.339996337891,457.709991455078,447.200012207031,449.320007324219,140103700,440.465911865234
2022-02-11,506.572800573433,449.410003662109,451.609985351562,438.940002441406,440.459991455078,153214600,431.780456542969
2022-02-14,469.466357574936,439.920013427734,441.600006103516,435.339996337891,439.019989013672,123006300,430.368804931641
2022-02-15,583.684919035861,443.730010986328,446.279998779297,443.179992675781,446.100006103516,88482700,437.309326171875
2022-02-16,601.544807021413,443.929992675781,448.059997558594,441.940002441406,446.600006103516,84863600,437.799468994141
2022-02-17,468.708296061384,443.220001220703,446.570007324219,436.420013427734,437.059997558594,102259100,428.447448730469
2022-02-18,434.2812423649,437.329986572266,438.660003662109,431.820007324219,434.230010986328,132642900,425.673217773438
2022-02-22,315.465004756059,431.890014648438,435.5,425.859985351562,429.570007324219,124391800,421.105072021484
2022-02-23,226.092354665372,432.660003662109,433.260009765625,421.350006103516,421.950012207031,132578000,413.63525390625
2022-02-24,234.62347695915,411.019989013672,428.760009765625,410.640014648438,428.299987792969,213942900,419.860076904297
2022-02-25,517.987953662484,429.609985351562,437.839996337891,427.859985351562,437.75,121804500,429.123870849609
2022-02-28,445.404065424977,432.029998779297,438.200012207031,430.700012207031,436.630004882812,145615000,428.025939941406
2022-03-01,344.978162584972,435.040008544922,437.170013427734,427.109985351562,429.980010986328,137785900,421.506988525391
2022-03-02,526.536744762619,432.369995117188,439.720001220703,431.570007324219,437.890014648438,117726500,429.261169433594
2022-03-03,575.876671170374,440.470001220703,441.109985351562,433.799987792969,435.709991455078,105501700,427.1240234375
2022-03-04,556.186202682989,431.75,433.369995117188,427.880004882812,432.170013427734,113978200,423.65380859375
2022-03-07,440.602772352743,431.549987792969,432.299987792969,419.359985351562,419.429992675781,137896600,411.164855957031
2022-03-08,360.808319810741,419.619995117188,427.209991455078,415.119995117188,416.25,164772700,408.047546386719
2022-03-09,489.212239817435,425.140014648438,429.510009765625,422.820007324219,427.410003662109,116990800,418.987640380859
2022-03-10,467.824910433446,422.519989013672,426.429992675781,420.440002441406,425.480010986328,93972700,417.095642089844
2022-03-11,431.848896849552,428.119995117188,428.769989013672,419.529998779297,420.070007324219,95636300,411.792266845703
2022-03-14,395.649820445529,420.890014648438,424.549987792969,415.790008544922,417,95729200,408.782775878906
2022-03-15,493.870839951932,419.769989013672,426.839996337891,418.420013427734,426.170013427734,106219100,417.772064208984
2022-03-16,721.45103629738,429.890014648438,435.679992675781,424.799987792969,435.619995117188,144954800,427.035797119141
2022-03-17,857.493498897709,433.589996337891,441.070007324219,433.190002441406,441.070007324219,102676900,432.378448486328
2022-03-18,902.29952200424,438,444.859985351562,437.220001220703,444.519989013672,106345500,437.114196777344
2022-03-21,897.82002248489,444.339996337891,446.459991455078,440.679992675781,444.390014648438,88349800,436.986358642578
2022-03-22,974.244486212007,445.859985351562,450.579986572266,445.859985351562,449.589996337891,74650400,442.099700927734
2022-03-23,790.96329992013,446.910003662109,448.489990234375,443.709991455078,443.799987792969,79426100,436.406219482422
2022-03-24,899.132508671038,445.940002441406,450.5,444.760009765625,450.489990234375,64736900,442.984741210938
2022-03-25,948.449405554868,451.160003662109,452.980010986328,448.429992675781,452.690002441406,77101300,445.148071289062
2022-03-28,976.962444960636,452.059997558594,455.910003662109,450.059997558594,455.910003662109,68529800,448.314453125
2022-03-29,1037.55937336289,460.019989013672,462.070007324219,457.179992675781,461.549987792969,86581500,453.860473632812
2022-03-30,1006.54426124057,460.339996337891,461.200012207031,456.470001220703,458.700012207031,79666900,451.057983398438
2022-03-31,896.262764434408,457.890014648438,458.760009765625,451.160003662109,451.640014648438,121699900,444.115600585938
2022-04-01,891.356808831904,453.309997558594,453.459991455078,449.140014648438,452.920013427734,89048800,445.374267578125
2022-04-04,895.014005252356,453.130004882812,456.910003662109,452.260009765625,456.799987792969,59601000,449.189605712891
2022-04-05,747.387786760858,455.220001220703,457.829986572266,449.820007324219,451.029998779297,74214500,443.515716552734
2022-04-06,647.445780726702,446.890014648438,448.929992675781,443.470001220703,446.519989013672,106898000,439.080871582031
2022-04-07,657.174890117812,445.589996337891,450.690002441406,443.529998779297,448.769989013672,78097200,441.293365478516
2022-04-08,690.550728257589,447.970001220703,450.630004882812,445.940002441406,447.570007324219,79272700,440.113403320312
2022-04-11,606.966223256684,444.109985351562,445,439.390014648438,439.920013427734,89770500,432.590881347656
2022-04-12,561.841782825963,443.079986572266,445.75,436.649993896484,438.290008544922,84363600,430.987976074219
2022-04-13,635.076436497126,438.029998779297,444.109985351562,437.839996337891,443.309997558594,74070400,435.924346923828
2022-04-14,578.702607701976,443.549987792969,444.730010986328,437.679992675781,437.790008544922,97869500,430.496337890625
2022-04-18,536.996820652671,436.809997558594,439.75,435.609985351562,437.970001220703,66002500,430.673309326172
2022-04-19,652.837212398544,437.859985351562,445.799987792969,437.679992675781,445.040008544922,77821000,437.625518798828
2022-04-20,770.7383500454,446.920013427734,447.570007324219,443.480010986328,444.709991455078,65224400,437.301025390625
2022-04-21,625.332531741015,448.540008544922,450.010009765625,437.100006103516,438.059997558594,85417300,430.761840820312
2022-04-22,331.27129301823,436.910003662109,438.079986572266,425.440002441406,426.040008544922,132471800,418.942077636719
2022-04-25,296.791471041695,423.670013427734,428.690002441406,418.839996337891,428.510009765625,119647700,421.370941162109
2022-04-26,179.712398027893,425.829986572266,426.040008544922,416.070007324219,416.100006103516,103996300,409.167694091797
2022-04-27,218.72480490132,417.239990234375,422.920013427734,415.010009765625,417.269989013672,122030000,410.318176269531
2022-04-28,335.840715050974,422.290008544922,429.640014648438,417.600006103516,427.809997558594,105449100,420.682556152344
2022-04-29,144.961070979811,423.589996337891,425.869995117188,411.209991455078,412,145491100,405.135986328125
2022-05-02,156.739456842558,412.070007324219,415.920013427734,405.019989013672,414.480010986328,158312500,407.574676513672
2022-05-03,249.404073589975,415.010009765625,418.929992675781,413.359985351562,416.380004882812,100028200,409.443023681641
2022-05-04,491.9788413662,417.079986572266,429.660003662109,413.709991455078,429.059997558594,144247900,421.911773681641
2022-05-05,276.190067720594,424.549987792969,425,409.440002441406,413.809997558594,172929100,406.915832519531
2022-05-06,247.940510995222,411.100006103516,414.799987792969,405.730010986328,411.339996337891,151770800,404.486968994141
2022-05-09,115.817474522844,405.100006103516,406.410003662109,396.5,398.170013427734,155586100,391.536407470703
2022-05-10,119.050418304998,404.489990234375,406.079986572266,394.820007324219,399.089996337891,132497200,392.441070556641
2022-05-11,109.365919400853,398.070007324219,404.040008544922,391.959991455078,392.75,142361000,386.206665039062
2022-05-12,143.332248293561,389.369995117188,395.799987792969,385.149993896484,392.339996337891,125090800,385.803527832031
2022-05-13,253.719387533453,396.709991455078,403.179992675781,395.609985351562,401.720001220703,104174400,395.027252197266
2022-05-16,291.890321057204,399.980010986328,403.970001220703,397.600006103516,400.089996337891,78622400,393.424407958984
2022-05-17,490.855156414669,406.529998779297,408.570007324219,402.579986572266,408.320007324219,83029700,401.517303466797
2022-05-18,247.060010434839,403.5,403.799987792969,390.549987792969,391.859985351562,117674500,385.331481933594
2022-05-19,259.485961045426,388.619995117188,394.140014648438,387.109985351562,389.459991455078,98510700,382.971496582031
2022-05-20,303.445517123944,393.25,397.029998779297,380.540008544922,389.630004882812,131432200,383.138671875
2022-05-23,425.526842953877,392.829986572266,397.730010986328,390.380004882812,396.920013427734,76414900,390.307220458984
2022-05-24,427.190443453896,392.559997558594,395.149993896484,386.959991455078,393.890014648438,91448800,387.327697753906
2022-05-25,529.424542874983,392.309997558594,399.450012207031,391.890014648438,397.369995117188,91472900,390.749725341797
2022-05-26,753.343128212384,398.670013427734,407.040008544922,398.450012207031,405.309997558594,82168300,398.557464599609
2022-05-27,941.923181379002,407.910003662109,415.380004882812,407.700012207031,415.260009765625,84768700,408.341674804688
2022-05-31,897.999548158816,413.549987792969,416.459991455078,410.029998779297,412.929992675781,95937000,406.050476074219
2022-06-01,794.397916236068,415.170013427734,416.239990234375,406.929992675781,409.589996337891,86585800,402.766143798828
2022-06-02,965.706505993558,409.420013427734,417.440002441406,407.040008544922,417.390014648438,79609600,410.436187744141
2022-06-03,850.404902655908,412.399993896484,414.040008544922,409.510009765625,410.540008544922,71874300,403.700317382812
2022-06-06,855.329447705162,414.779998779297,416.609985351562,410.549987792969,411.790008544922,57508900,404.929504394531
2022-06-07,941.845888980696,408.100006103516,416.220001220703,407.609985351562,415.739990234375,59272400,408.813659667969
2022-06-08,724.15144448932,413.929992675781,415.820007324219,410.380004882812,411.220001220703,64350000,404.368988037109
2022-06-09,410.06727004854,409.339996337891,411.739990234375,401.440002441406,401.440002441406,86289800,394.751922607422
2022-06-10,167.689683433681,394.880004882812,395.779998779297,389.75,389.799987792969,132893900,383.305847167969
2022-06-13,27.0906561207392,379.850006103516,381.809997558594,373.299987792969,375,170004900,368.752380371094
2022-06-14,33.1592555723047,376.850006103516,377.940002441406,370.589996337891,373.869995117188,104011800,367.641265869141
2022-06-15,41.1755675418626,377.359985351562,383.899993896484,372.119995117188,379.200012207031,125666800,372.882415771484
2022-06-16,13.2885793521617,370.510009765625,370.940002441406,364.079986572266,366.649993896484,134473300,360.541534423828
2022-06-17,18.9937075572899,365.510009765625,369.380004882812,362.170013427734,365.859985351562,111113900,361.318756103516
2022-06-21,72.1402356896024,371.890014648438,376.529998779297,371.809997558594,375.070007324219,76811900,370.414428710938
2022-06-22,90.1589431422722,370.619995117188,378.720001220703,370.179992675781,374.390014648438,90059400,369.742889404297
2022-06-23,199.196881172844,376.640014648438,378.829986572266,372.890014648438,378.059997558594,79292100,373.367309570312
2022-06-24,376.954457315885,381.399993896484,390.089996337891,381.369995117188,390.079986572266,98050300,385.238128662109
2022-06-27,376.568734991565,391.049987792969,391.359985351562,387.440002441406,388.589996337891,66009600,383.766632080078
2022-06-28,246.963539280787,390.230010986328,393.160003662109,380.529998779297,380.649993896484,86548900,375.925170898438
2022-06-29,271.07566721162,381.230010986328,382.269989013672,378.420013427734,380.339996337891,65676000,375.619049072266
2022-06-30,314.808005516845,376.239990234375,380.660003662109,372.559997558594,377.25,112508300,372.5673828125
2022-07-01,479.092891503298,376.559997558594,381.700012207031,373.799987792969,381.239990234375,74839700,376.507843017578
2022-07-05,463.148548566192,375.880004882812,381.980010986328,372.899993896484,381.959991455078,81438000,377.218902587891
2022-07-06,540.483535604435,382.109985351562,385.869995117188,379.600006103516,383.25,70426200,378.492950439453
2022-07-07,709.142023254305,385.119995117188,389.829986572266,383.269989013672,388.989990234375,64525900,384.161651611328
2022-07-08,684.11674718472,387.269989013672,390.640014648438,385.660003662109,388.670013427734,72397800,383.845642089844
2022-07-11,613.846998167275,385.850006103516,386.869995117188,383.5,384.230010986328,58366900,379.460754394531
2022-07-12,590.274653394612,383.649993896484,386.160003662109,378.989990234375,380.829986572266,62219200,376.102935791016
2022-07-13,522.30661941771,375.100006103516,381.920013427734,374.660003662109,378.829986572266,84224600,374.127777099609
2022-07-14,412.975829337866,373.609985351562,379.049987792969,371.040008544922,377.910003662109,89704800,373.219177246094
2022-07-15,678.755256945719,382.549987792969,385.25,380.540008544922,385.130004882812,79060400,380.349578857422
2022-07-18,524.577510806086,388.380004882812,389.089996337891,380.660003662109,381.950012207031,63203600,377.209075927734
2022-07-19,858.79666876574,386.079986572266,392.869995117188,385.390014648438,392.269989013672,78506000,387.400909423828
2022-07-20,821.309273737116,392.470001220703,396.260009765625,391.029998779297,394.769989013672,71843800,389.869903564453
2022-07-21,817.762992889909,394.160003662109,398.839996337891,391.630004882812,398.790008544922,64903900,393.839996337891
2022-07-22,798.136420118202,398.920013427734,400.179992675781,392.75,395.089996337891,72197300,390.185913085938
2022-07-25,919.349901564594,395.75,396.470001220703,393.209991455078,395.570007324219,53631500,390.660003662109
2022-07-26,873.835499939019,393.839996337891,394.059997558594,389.950012207031,390.890014648438,52946400,386.0380859375
2022-07-27,952.872914730547,394.359985351562,402.880004882812,394.049987792969,401.040008544922,82342100,396.062103271484
2022-07-28,949.239459453256,401.890014648438,406.799987792969,398.149993896484,406.070007324219,73966600,401.029663085938
2022-07-29,960.081186705863,407.579986572266,413.029998779297,406.769989013672,411.989990234375,87003700,406.876190185547
2022-08-01,951.491216875867,409.149993896484,413.410003662109,408.399993896484,410.769989013672,69997500,405.671295166016
2022-08-02,896.098438469814,409.119995117188,413,406.820007324219,408.059997558594,63435400,402.994964599609
2022-08-03,918.724914269392,410.299987792969,415.679992675781,410,414.450012207031,67820600,409.305633544922
2022-08-04,831.554256207849,414.369995117188,415.089996337891,412.440002441406,414.170013427734,45656600,409.029144287109
2022-08-05,841.618253861339,409.660003662109,414.149993896484,409.600006103516,413.470001220703,56814900,408.337799072266
2022-08-08,864.215545448652,415.25,417.619995117188,411.829986572266,412.989990234375,53886100,407.86376953125
2022-08-09,847.489197798994,412.220001220703,412.75,410.220001220703,411.350006103516,44931800,406.244140625
2022-08-10,939.485330457974,418.779998779297,420.140014648438,416.720001220703,419.989990234375,68665700,414.77685546875
2022-08-11,961.480128018951,422.989990234375,424.950012207031,419.209991455078,419.989990234375,59489700,414.77685546875
2022-08-12,1014.22476447989,422.029998779297,427.209991455078,421.029998779297,427.100006103516,61694500,421.798645019531
2022-08-15,1001.95268287338,424.769989013672,429.410003662109,424.709991455078,428.859985351562,54048300,423.536743164062
2022-08-16,1010.3134320218,427.730010986328,431.730010986328,426.880004882812,429.700012207031,59289000,424.366363525391
2022-08-17,951.893987049854,425.910003662109,429.5,424.540008544922,426.649993896484,63563400,421.354217529297
2022-08-18,965.740341679638,426.859985351562,428.609985351562,425.5,427.890014648438,49023200,422.578826904297
2022-08-19,852.922033371428,424.980010986328,425.260009765625,421.220001220703,422.140014648438,68016900,416.900207519531
2022-08-22,506.132510527614,417.049987792969,417.230010986328,412.399993896484,413.350006103516,77695600,408.219299316406
2022-08-23,464.884332854872,412.899993896484,415.420013427734,411.769989013672,412.350006103516,49105200,407.231719970703
2022-08-24,470.904217062429,412.109985351562,415.109985351562,411.390014648438,413.670013427734,49177800,408.535339355469
2022-08-25,655.605216029522,415.239990234375,419.559997558594,414.089996337891,419.510009765625,50942300,414.302856445312
2022-08-26,282.808003716418,419.390014648438,419.959991455078,405.25,405.309997558594,103087000,400.279083251953
2022-08-29,272.521850089875,402.200012207031,405.839996337891,401.200012207031,402.630004882812,65370800,397.632385253906
2022-08-30,159.340688500929,403.850006103516,404.100006103516,396,398.209991455078,85652400,393.267211914062
2022-08-31,114.182901850047,399.929992675781,401.239990234375,395.040008544922,395.179992675781,76029700,390.274810791016
2022-09-01,102.279468510266,392.890014648438,396.779998779297,390.040008544922,396.420013427734,78740100,391.499450683594
2022-09-02,106.321498164197,400.279998779297,401.559997558594,390.329986572266,392.239990234375,99632100,387.371307373047
2022-09-06,80.2399742608987,393.130004882812,394.119995117188,388.420013427734,390.760009765625,76637400,385.909729003906
2022-09-07,200.401207239016,390.429992675781,398.589996337891,390.200012207031,397.779998779297,70964200,392.842590332031
2022-09-08,313.201389403879,395.390014648438,400.859985351562,394.119995117188,400.380004882812,80821700,395.410278320312
2022-09-09,526.687344286102,402.739990234375,407.510009765625,402.459991455078,406.600006103516,76706900,401.553070068359
2022-09-12,761.12217855102,408.779998779297,411.730010986328,408.459991455078,410.970001220703,69256300,405.868865966797
2022-09-13,206.750109750968,401.829986572266,403.100006103516,391.920013427734,393.100006103516,122947100,388.220642089844
2022-09-14,273.938313177709,394.470001220703,396.200012207031,391.119995117188,394.600006103516,85023700,389.702026367188
2022-09-15,236.462167146395,392.959991455078,395.959991455078,388.779998779297,390.119995117188,87633800,385.277648925781
2022-09-16,152.510879335358,384.140014648438,386.25,382.109985351562,385.559997558594,103084800,382.33837890625
2022-09-19,227.177781903934,382.260009765625,388.549987792969,382.179992675781,388.549987792969,73278500,385.303405761719
2022-09-20,130.353640538526,385.059997558594,386.119995117188,381.200012207031,384.089996337891,77274900,380.880676269531
2022-09-21,68.0113827597584,386.109985351562,389.309997558594,377.380004882812,377.390014648438,106746600,374.236663818359
2022-09-22,54.1979960492496,376.579986572266,378.299987792969,373.440002441406,374.220001220703,89472600,371.093139648438
2022-09-23,25.6526072964429,370.579986572266,370.619995117188,363.290008544922,367.950012207031,122346900,364.875549316406
2022-09-26,15.3328364649119,366.410003662109,370.209991455078,363.029998779297,364.309997558594,92581200,361.265960693359
2022-09-27,17.2222083542838,368.019989013672,370.399993896484,360.869995117188,363.380004882812,108294100,360.34375
2022-09-28,84.4210691607493,364.380004882812,372.299987792969,362.600006103516,370.529998779297,110802200,367.433990478516
2022-09-29,37.068439069265,366.809997558594,367.109985351562,359.700012207031,362.790008544922,112952300,359.758666992188
2022-09-30,18.0935928987611,361.799987792969,365.910003662109,357.040008544922,357.179992675781,153711200,354.195526123047
2022-10-03,168.308663843473,361.079986572266,368.549987792969,359.209991455078,366.609985351562,89756500,363.546722412109
2022-10-04,496.355625330509,372.399993896484,378,366.570007324219,377.970001220703,103602800,374.811828613281
2022-10-05,476.461418581905,373.390014648438,379.459991455078,370.950012207031,377.089996337891,88065700,373.939178466797
2022-10-06,402.274437069641,375.619995117188,378.720001220703,372.679992675781,373.200012207031,82333500,370.081665039062
2022-10-07,222.301283145589,368.970001220703,373.290008544922,360.940002441406,362.790008544922,107789500,359.758666992188
2022-10-10,261.596917284963,363.959991455078,364.209991455078,357.670013427734,360.019989013672,76042800,357.011779785156
2022-10-11,275.324204535701,358.239990234375,363.029998779297,355.709991455078,357.739990234375,92482800,354.750823974609
2022-10-12,262.880085346271,358.170013427734,359.820007324219,356.299987792969,356.559997558594,76991800,353.580688476562
2022-10-13,487.716682470361,349.209991455078,367.510009765625,348.109985351562,365.970001220703,147254500,362.912078857422
2022-10-14,319.830416472746,368.549987792969,370.260009765625,356.959991455078,357.630004882812,123737000,354.641784667969
2022-10-17,586.015040732716,364.010009765625,367.980010986328,357.279998779297,366.820007324219,93168200,363.754974365234
2022-10-18,766.031154746053,375.130004882812,375.450012207031,367.519989013672,371.130004882812,97162900,368.028961181641
2022-10-19,633.982592000594,368.989990234375,371.850006103516,365.549987792969,368.5,79746900,365.420959472656
2022-10-20,489.073379152484,368.029998779297,372.670013427734,364.609985351562,365.410003662109,88283100,362.356781005859
2022-10-21,725.832222073613,365.119995117188,374.799987792969,363.540008544922,374.290008544922,131038400,371.162567138672
2022-10-24,766.927724331561,375.890014648438,380.059997558594,373.109985351562,378.869995117188,85436900,375.704284667969
2022-10-25,954.756025371397,378.790008544922,385.25,378.670013427734,384.920013427734,78846300,381.703765869141
2022-10-26,914.94653430862,381.619995117188,387.579986572266,381.350006103516,382.019989013672,104087300,378.827941894531
2022-10-27,903.606085965716,383.070007324219,385,379.329986572266,379.980010986328,81971800,376.805053710938
2022-10-28,969.807201911709,379.869995117188,389.519989013672,379.679992675781,389.019989013672,100302000,385.769470214844
2022-10-31,959.454880677307,386.440002441406,388.399993896484,385.260009765625,386.209991455078,96631300,382.982940673828
2022-11-01,961.644284922982,390.140014648438,390.390014648438,383.290008544922,384.519989013672,85407600,381.307067871094
2022-11-02,816.049481642088,383.899993896484,388.630004882812,374.760009765625,374.869995117188,126990400,371.737701416016
2022-11-03,756.323606905648,371.470001220703,374.200012207031,368.790008544922,371.010009765625,87100100,367.909973144531
2022-11-04,834.337391717924,377,378.869995117188,370,376.350006103516,103505200,373.205352783203
2022-11-07,851.862326936062,377.709991455078,380.570007324219,375.529998779297,379.950012207031,68286900,376.775268554688
2022-11-08,876.077564166134,381.109985351562,385.119995117188,377.720001220703,382,84641100,378.808135986328
2022-11-09,729.92301887211,379.929992675781,381.140014648438,373.609985351562,374.130004882812,78495500,371.00390625
2022-11-10,981.534945309879,388.049987792969,395.040008544922,385.640014648438,394.690002441406,141455800,391.392120361328
2022-11-11,958.697197972121,395.589996337891,399.350006103516,393.609985351562,398.510009765625,93839900,395.180206298828
2022-11-14,925.258691046728,396.660003662109,400.179992675781,394.829986572266,395.119995117188,71903500,391.818511962891
2022-11-15,944.954553364686,401.149993896484,402.309997558594,394.489990234375,398.489990234375,93194500,395.160369873047
2022-11-16,894.248290078441,396.779998779297,397.779998779297,394.790008544922,395.450012207031,68508500,392.145751953125
2022-11-17,873.816204801056,390.459991455078,394.950012207031,390.140014648438,394.239990234375,74496300,390.945861816406
2022-11-18,904.312933715152,397.739990234375,397.809997558594,393.040008544922,396.029998779297,92922500,392.720916748047
2022-11-21,889.334882278123,394.640014648438,395.820007324219,392.660003662109,394.589996337891,51243200,391.292938232422
2022-11-22,968.201061555569,396.630004882812,400.070007324219,395.149993896484,399.899993896484,60429000,396.558563232422
2022-11-23,966.518373473309,399.549987792969,402.929992675781,399.309997558594,402.420013427734,68261600,399.057525634766
2022-11-25,979.842604691164,401.829986572266,402.910003662109,401.540008544922,402.329986572266,30545400,398.96826171875
2022-11-28,826.077786194702,399.089996337891,400.809997558594,395.109985351562,395.910003662109,67881600,392.601928710938
2022-11-29,864.521728472336,396.049987792969,397.299987792969,393.299987792969,395.230010986328,52310000,391.927612304688
2022-11-30,991.087649572527,395.489990234375,407.679992675781,393.480010986328,407.679992675781,144566700,404.273590087891
2022-12-01,939.904730030157,408.769989013672,410,404.75,407.380004882812,76398200,403.97607421875
2022-12-02,915.850241819247,402.25,407.859985351562,402.140014648438,406.910003662109,85342700,403.510009765625
2022-12-05,715.950898107622,403.950012207031,404.929992675781,398.170013427734,399.589996337891,77289800,396.251159667969
2022-12-06,527.259149154966,399.420013427734,399.989990234375,391.640014648438,393.829986572266,77972200,390.539276123047
2022-12-07,465.435239950752,392.940002441406,395.640014648438,391.970001220703,393.160003662109,65927900,389.874908447266
2022-12-08,503.98577878226,395.140014648438,397.359985351562,393.269989013672,396.239990234375,60737900,392.929168701172
2022-12-09,441.358889627733,394.940002441406,397.619995117188,393.149993896484,393.279998779297,81447700,389.993896484375
2022-12-12,632.708206656007,394.109985351562,398.950012207031,393.410003662109,398.950012207031,75405800,395.616516113281
2022-12-13,725.484204085759,410.220001220703,410.489990234375,399.070007324219,401.970001220703,123782500,398.611297607422
2022-12-14,647.795103850628,401.609985351562,405.5,396.309997558594,399.399993896484,108111300,396.062744140625
2022-12-15,314.265490660033,394.299987792969,395.25,387.890014648438,389.630004882812,117705900,386.374389648438
2022-12-16,151.968917061697,385.179992675781,386.579986572266,381.040008544922,383.269989013672,119858000,381.812805175781
2022-12-19,112.95480784017,383.470001220703,383.820007324219,378.279998779297,380.019989013672,79878100,378.575164794922
2022-12-20,134.707226331044,379.230010986328,382.230010986328,377.850006103516,380.540008544922,74427200,379.093200683594
2022-12-21,281.698513742392,383.25,387.410003662109,382.690002441406,386.230010986328,78167400,384.761566162109
2022-12-22,191.791729025215,383.049987792969,386.209991455078,374.769989013672,380.720001220703,100120900,379.272491455078
2022-12-23,340.056983180149,379.649993896484,383.059997558594,378.029998779297,382.910003662109,59857300,381.454193115234
2022-12-27,384.202361711041,382.790008544922,383.149993896484,379.649993896484,381.399993896484,51638200,379.949920654297
2022-12-28,199.107133251207,381.329986572266,383.390014648438,376.420013427734,376.660003662109,70911500,375.227935791016
2022-12-29,432.601503456752,379.630004882812,384.350006103516,379.079986572266,383.440002441406,66970900,381.982177734375
2022-12-30,366.11283586593,380.640014648438,382.579986572266,378.429992675781,382.429992675781,84022200,380.975982666016
2023-01-03,392.628006738183,384.369995117188,386.429992675781,377.829986572266,380.820007324219,74850700,379.372131347656
2023-01-04,622.993900067664,383.179992675781,385.880004882812,380,383.760009765625,85934100,382.300964355469
2023-01-05,493.738285970896,381.720001220703,381.839996337891,378.760009765625,379.380004882812,76970500,377.937591552734
2023-01-06,804.009004142819,382.609985351562,389.25,379.410003662109,388.079986572266,104189600,386.6044921875
2023-01-09,788.00715777415,390.369995117188,393.700012207031,387.670013427734,387.859985351562,73978100,386.385345458984
2023-01-10,824.658820098845,387.25,390.649993896484,386.269989013672,390.579986572266,65358100,389.095001220703
2023-01-11,928.326836871049,392.230010986328,395.600006103516,391.380004882812,395.519989013672,68881100,394.016235351562
2023-01-12,933.031517803311,396.670013427734,398.489990234375,392.420013427734,396.959991455078,90157700,395.450744628906
2023-01-13,942.454904984896,393.619995117188,399.100006103516,393.339996337891,398.5,63903900,396.984893798828
2023-01-17,904.234665000283,398.480010986328,400.230010986328,397.059997558594,397.769989013672,62677300,396.257659912109
2023-01-18,755.486132181157,399.010009765625,400.119995117188,391.279998779297,391.489990234375,99632300,390.001556396484
2023-01-19,633.658916249229,389.359985351562,391.079986572266,387.260009765625,388.640014648438,86958900,387.162414550781
2023-01-20,765.143891264252,390.100006103516,396.040008544922,388.380004882812,395.880004882812,91806400,394.374877929688
2023-01-23,796.194768711795,396.720001220703,402.649993896484,395.720001220703,400.630004882812,84178800,399.106811523438
2023-01-24,794.018610439663,398.880004882812,401.149993896484,397.640014648438,400.200012207031,59524900,398.678436279297
2023-01-25,777.853082255063,395.950012207031,400.700012207031,393.559997558594,400.350006103516,84800300,398.827880859375
2023-01-26,830.657192946996,403.130004882812,404.920013427734,400.029998779297,404.75,72287400,403.211151123047
2023-01-27,801.76875462152,403.660003662109,408.160003662109,403.440002441406,405.679992675781,68346200,404.137603759766
2023-01-30,696.988586229295,402.799987792969,405.130004882812,400.279998779297,400.589996337891,74202000,399.066955566406
2023-01-31,861.710067490576,401.130004882812,406.529998779297,400.769989013672,406.480010986328,86811800,404.9345703125
2023-02-01,833.95425732999,405.209991455078,413.670013427734,402.350006103516,410.799987792969,101459200,409.238128662109
2023-02-02,781.287047721713,414.859985351562,418.309997558594,412.880004882812,416.779998779297,101654500,415.195404052734
2023-02-03,687.957479525171,411.589996337891,416.970001220703,411.089996337891,412.350006103516,94736800,410.782257080078
2023-02-06,629.711788160262,409.790008544922,411.290008544922,408.100006103516,409.829986572266,60295300,408.271820068359
2023-02-07,674.771000621201,408.869995117188,416.489990234375,407.570007324219,415.190002441406,90990700,413.611450195312
2023-02-08,565.320996070889,413.130004882812,414.529998779297,409.929992675781,410.649993896484,76227500,409.088714599609
2023-02-09,486.743175793691,414.410003662109,414.570007324219,405.809997558594,407.089996337891,78694900,405.542236328125
2023-02-10,558.591121327456,405.859985351562,408.440002441406,405.010009765625,408.040008544922,70769700,406.488647460938
2023-02-13,727.720088119634,408.720001220703,412.970001220703,408.239990234375,412.829986572266,64913500,411.260406494141
2023-02-14,640.999587745846,411.239990234375,415.049987792969,408.510009765625,412.640014648438,88389300,411.071166992188
2023-02-15,671.988725368635,410.350006103516,414.059997558594,409.470001220703,413.980010986328,61555700,412.406066894531
2023-02-16,476.565923289526,408.790008544922,412.910003662109,408.140014648438,408.279998779297,76431500,406.727722167969
2023-02-17,464.441890465054,406.059997558594,407.510009765625,404.049987792969,407.260009765625,89257800,405.711608886719
2023-02-21,231.813422375695,403.059997558594,404.160003662109,398.820007324219,399.089996337891,82655900,397.572662353516
2023-02-22,238.78530347416,399.519989013672,401.130004882812,397.019989013672,398.540008544922,83742300,397.024749755859
2023-02-23,247.504058751429,401.559997558594,402.200012207031,396.25,400.660003662109,96242400,399.136688232422
2023-02-24,207.840030649483,395.420013427734,397.25,393.640014648438,396.380004882812,108194400,394.872955322266
2023-02-27,211.391686075626,399.869995117188,401.290008544922,396.75,397.730010986328,80444700,396.217834472656
2023-02-28,177.309607405629,397.230010986328,399.279998779297,396.149993896484,396.260009765625,96438600,394.75341796875
2023-03-01,183.439891139621,395.410003662109,396.690002441406,393.380004882812,394.739990234375,99706800,393.239196777344
2023-03-02,301.312261567572,392.679992675781,398.690002441406,392.329986572266,397.809997558594,85127800,396.297515869141
2023-03-03,452.11569724388,399.709991455078,404.450012207031,399.029998779297,404.190002441406,90120000,402.653259277344
2023-03-06,435.274843525074,405.049987792969,407.450012207031,404.010009765625,404.470001220703,72795900,402.932220458984
2023-03-07,262.946056559727,404.420013427734,404.670013427734,397.630004882812,398.269989013672,108310600,396.755767822266
2023-03-08,286.690296398593,398.390014648438,399.709991455078,396.589996337891,398.920013427734,74746600,397.4033203125
2023-03-09,131.291390798185,399.739990234375,401.480010986328,390.529998779297,391.559997558594,111945300,390.0712890625
2023-03-10,66.8283591862452,390.989990234375,393.160003662109,384.320007324219,385.910003662109,189253000,384.442779541016
2023-03-13,106.565544462667,381.809997558594,390.390014648438,380.649993896484,385.359985351562,157790000,383.894836425781
2023-03-14,244.817784251632,390.5,393.450012207031,387.049987792969,391.730010986328,149752400,390.240661621094
2023-03-15,242.845370714062,385.890014648438,389.489990234375,383.709991455078,389.279998779297,172996900,387.799957275391
2023-03-16,303.19722370484,386.820007324219,396.470001220703,386.290008544922,396.109985351562,143254200,394.603973388672
2023-03-17,259.465753909787,393.220001220703,394.399993896484,388.549987792969,389.989990234375,140553400,389.989990234375
2023-03-20,339.237306098631,390.799987792969,394.170013427734,390.070007324219,393.739990234375,93055800,393.739990234375
2023-03-21,369.781541082727,397.239990234375,399.410003662109,395.579986572266,398.910003662109,91524200,398.910003662109
2023-03-22,215.782518568501,398.730010986328,402.489990234375,392.070007324219,392.109985351562,111746600,392.109985351562
2023-03-23,223.597665595977,395.089996337891,399.290008544922,390.350006103516,393.170013427734,119351300,393.170013427734
2023-03-24,355.104433658814,391.839996337891,395.839996337891,389.399993896484,395.75,107682400,395.75
2023-03-27,409.403083267704,398.119995117188,398.920013427734,395.559997558594,396.489990234375,74010400,396.489990234375
2023-03-28,480.222912241897,395.769989013672,396.489990234375,393.690002441406,395.600006103516,62871700,395.600006103516
2023-03-29,708.954025788878,399.929992675781,401.600006103516,398.679992675781,401.350006103516,77497900,401.350006103516
2023-03-30,796.473067332059,404.089996337891,404.350006103516,401.760009765625,403.700012207031,69840000,403.700012207031
2023-03-31,986.170786427764,404.660003662109,409.700012207031,404.549987792969,409.390014648438,111974600,409.390014648438
2023-04-03,1004.09165860951,408.850006103516,411.369995117188,408.440002441406,410.950012207031,67391100,410.950012207031
2023-04-04,908.980154025837,411.619995117188,411.920013427734,407.239990234375,408.670013427734,66601500,408.670013427734
2023-04-05,869.379390532188,407.910003662109,408.700012207031,405.880004882812,407.600006103516,65200200,407.600006103516
2023-04-06,852.136379534754,NA,NA,NA,NA,NA,NA
